Category,Type,Subtype,Has Backpack,Name,Source,Is Warbond,Image Link,Resized Image Path
Booster,Booster,,False,Armed Resupply Pods,Urban Legends,True,https://helldivers.wiki.gg/images/Armed_Resupply_Pods_Booster_Icon.svg,assets/images/resized/booster/booster/armed-resupply-pods.svg
Booster,Booster,,False,Concealed Insertion,Redacted Regiment,True,https://helldivers.wiki.gg/images/Concealed_Insertion_Booster_Icon.svg,assets/images/resized/booster/booster/concealed-insertion.svg
Booster,Booster,,False,Dead Sprint,Truth Enforcers,True,https://helldivers.wiki.gg/images/Dead_Sprint_Booster_Icon.svg,assets/images/resized/booster/booster/dead-sprint.svg
Booster,Booster,,False,Experimental Infusion,Viper Commandos,True,https://helldivers.wiki.gg/images/Experimental_Infusion_Booster_Icon.svg,assets/images/resized/booster/booster/experimental-infusion.svg
Booster,Booster,,False,Expert Extraction Pilot,Democratic Detonation,True,https://helldivers.wiki.gg/images/Expert_Extraction_Pilot_Booster_Icon.svg,assets/images/resized/booster/booster/expert-extraction-pilot.svg
Booster,Booster,,False,Firebomb Hellpods,Freedom's Flame,True,https://helldivers.wiki.gg/images/Firebomb_Hellpods_Booster_Icon.svg,assets/images/resized/booster/booster/firebomb-hellpods.svg
Booster,Booster,,False,Flexible Reinforcement Budget,Steeled Veterans,True,https://helldivers.wiki.gg/images/Flexible_Reinforcement_Budget_Booster_Icon.svg,assets/images/resized/booster/booster/flexible-reinforcement-budget.svg
Booster,Booster,,False,Hellpod Space Optimization,Helldivers Mobilize!,True,https://helldivers.wiki.gg/images/Hellpod_Space_Optimization_Booster_Icon.svg,assets/images/resized/booster/booster/hellpod-space-optimization.svg
Booster,Booster,,False,Increased Reinforcement Budget,Helldivers Mobilize!,True,https://helldivers.wiki.gg/images/Increased_Reinforcement_Budget_Booster_Icon.svg,assets/images/resized/booster/booster/increased-reinforcement-budget.svg
Booster,Booster,,False,Localization Confusion,Cutting Edge,True,https://helldivers.wiki.gg/images/Localization_Confusion_Booster_Icon.svg,assets/images/resized/booster/booster/localization-confusion.svg
Booster,Booster,,False,Motivational Shocks,Polar Patriots,True,https://helldivers.wiki.gg/images/Motivational_Shocks_Booster_Icon.svg,assets/images/resized/booster/booster/motivational-shocks.svg
Booster,Booster,,False,Muscle Enhancement,Helldivers Mobilize!,True,https://helldivers.wiki.gg/images/Muscle_Enhancement_Booster_Icon.svg,assets/images/resized/booster/booster/muscle-enhancement.svg
Booster,Booster,,False,Sample Extricator,Borderline Justice,True,https://helldivers.wiki.gg/images/Sample_Extricator_Booster_Icon.svg,assets/images/resized/booster/booster/sample-extricator.svg
Booster,Booster,,False,Sample Scanner,Masters of Ceremony,True,https://helldivers.wiki.gg/images/Sample_Scanner_Booster_Icon.svg,assets/images/resized/booster/booster/sample-scanner.svg
Booster,Booster,,False,Stamina Enhancement,Helldivers Mobilize!,True,https://helldivers.wiki.gg/images/Stamina_Enhancement_Booster_Icon.svg,assets/images/resized/booster/booster/stamina-enhancement.svg
Booster,Booster,,False,Stun Pods,Force of Law,True,https://helldivers.wiki.gg/images/Stun_Pods_Booster_Icon.svg,assets/images/resized/booster/booster/stun-pods.svg
Booster,Booster,,False,UAV Recon Booster,Helldivers Mobilize!,True,https://helldivers.wiki.gg/images/UAV_Recon_Booster_Booster_Icon.svg,assets/images/resized/booster/booster/uav-recon-booster.svg
Booster,Booster,,False,Vitality Enhancement,Helldivers Mobilize!,True,https://helldivers.wiki.gg/images/Vitality_Enhancement_Booster_Icon.svg,assets/images/resized/booster/booster/vitality-enhancement.svg
Strategem,Backpack,Guard Dog,True,AX/AR-23 Guard Dog,Engineering Bay,False,https://helldivers.wiki.gg/images/Guard_Dog_Stratagem_Icon_Background.svg,assets/images/resized/strategem/backpack/ax-ar-23-guard-dog.svg
Strategem,Backpack,K-9,True,AX/ARC-3 K-9,Force of Law,True,https://helldivers.wiki.gg/images/K-9_Stratagem_Icon_Background.svg,assets/images/resized/strategem/backpack/ax-arc-3-k-9.svg
Strategem,Backpack,Hot Dog,True,AX/FLAM-75 Hot Dog,Python Commandos,True,https://helldivers.wiki.gg/images/Hot_Dog_Stratagem_Icon_Background.svg,assets/images/resized/strategem/backpack/ax-flam-75-hot-dog.svg
Strategem,Backpack,Rover,True,AX/LAS-5 Rover,Engineering Bay,False,https://helldivers.wiki.gg/images/Rover_Stratagem_Icon_Background.svg,assets/images/resized/strategem/backpack/ax-las-5-rover.svg
Strategem,Backpack,Dog Breath,True,AX/TX-13 Dog Breath,Chemical Agents,True,https://helldivers.wiki.gg/images/Dog_Breath_Stratagem_Icon_Background.svg,assets/images/resized/strategem/backpack/ax-tx-13-dog-breath.svg
Strategem,Backpack,Supply Pack,True,B-1 Supply Pack,Engineering Bay,False,https://helldivers.wiki.gg/images/Supply_Pack_Stratagem_Icon_Background.svg,assets/images/resized/strategem/backpack/b-1-supply-pack.svg
Strategem,Backpack,Portable Hellbomb,True,B-100 Portable Hellbomb,Servants of Freedom,True,https://helldivers.wiki.gg/images/Portable_Hellbomb_Stratagem_Icon_Background.svg,assets/images/resized/strategem/backpack/b-100-portable-hellbomb.svg
Strategem,Backpack,Hover Pack,True,Hover Pack,Borderline Justice,True,https://helldivers.wiki.gg/images/Hover_Pack_Stratagem_Icon_Background.svg,assets/images/resized/strategem/backpack/hover-pack.svg
Strategem,Backpack,Warp Pack,True,LIFT-182 Warp Pack,Control Group,True,https://helldivers.wiki.gg/images/Warp_Pack_Stratagem_Icon_Background.svg,assets/images/resized/strategem/backpack/lift-182-warp-pack.svg
Strategem,Backpack,Jump Pack,True,LIFT-850 Jump Pack,Hangar,False,https://helldivers.wiki.gg/images/Jump_Pack_Stratagem_Icon_Background.svg,assets/images/resized/strategem/backpack/lift-850-jump-pack.svg
Strategem,Backpack,Ballistic Shield Backpack,True,SH-20 Ballistic Shield Backpack,Engineering Bay,False,https://helldivers.wiki.gg/images/Ballistic_Shield_Backpack_Stratagem_Icon_Background.svg,assets/images/resized/strategem/backpack/sh-20-ballistic-shield-backpack.svg
Strategem,Backpack,Shield Generator Pack,True,SH-32 Shield Generator Pack,Engineering Bay,False,https://helldivers.wiki.gg/images/Shield_Generator_Pack_Stratagem_Icon_Background.svg,assets/images/resized/strategem/backpack/sh-32-shield-generator-pack.svg
Strategem,Backpack,Directional Shield,True,SH-51 Directional Shield,Urban Legends,True,https://helldivers.wiki.gg/images/Directional_Shield_Stratagem_Icon_Background.svg,assets/images/resized/strategem/backpack/sh-51-directional-shield.svg
Strategem,Eagle,Eagle 110mm Rocket Pods,False,Eagle 110mm Rocket Pods,Hangar,False,https://helldivers.wiki.gg/images/Eagle_110mm_Rocket_Pods_Stratagem_Icon_Background.svg,assets/images/resized/strategem/eagle/eagle-110mm-rocket-pods.svg
Strategem,Eagle,Eagle 500kg Bomb,False,Eagle 500kg Bomb,Hangar,False,https://helldivers.wiki.gg/images/Eagle_500kg_Bomb_Stratagem_Icon_Background.svg,assets/images/resized/strategem/eagle/eagle-500kg-bomb.svg
Strategem,Eagle,Eagle Airstrike,False,Eagle Airstrike,Hangar,False,https://helldivers.wiki.gg/images/Eagle_Airstrike_Stratagem_Icon_Background.svg,assets/images/resized/strategem/eagle/eagle-airstrike.svg
Strategem,Eagle,Eagle Cluster Bomb,False,Eagle Cluster Bomb,Hangar,False,https://helldivers.wiki.gg/images/Eagle_Cluster_Bomb_Stratagem_Icon_Background.svg,assets/images/resized/strategem/eagle/eagle-cluster-bomb.svg
Strategem,Eagle,Eagle Napalm Airstrike,False,Eagle Napalm Airstrike,Hangar,False,https://helldivers.wiki.gg/images/Eagle_Napalm_Airstrike_Stratagem_Icon_Background.svg,assets/images/resized/strategem/eagle/eagle-napalm-airstrike.svg
Strategem,Eagle,Eagle Smoke Strike,False,Eagle Smoke Strike,Hangar,False,https://helldivers.wiki.gg/images/Eagle_Smoke_Strike_Stratagem_Icon_Background.svg,assets/images/resized/strategem/eagle/eagle-smoke-strike.svg
Strategem,Eagle,Eagle Strafing Run,False,Eagle Strafing Run,Hangar,False,https://helldivers.wiki.gg/images/Eagle_Strafing_Run_Stratagem_Icon_Background.svg,assets/images/resized/strategem/eagle/eagle-strafing-run.svg
Strategem,Emplacement,Anti-Tank Emplacement,False,E/AT-12 Anti-Tank Emplacement,Urban Legends,True,https://helldivers.wiki.gg/images/Anti-Tank_Emplacement_Stratagem_Icon_Background.svg,assets/images/resized/strategem/emplacement/e-at-12-anti-tank-emplacement.svg
Strategem,Emplacement,Grenadier Battlement,False,E/GL-21 Grenadier Battlement,Bridge,False,https://helldivers.wiki.gg/images/Grenadier_Battlement_Stratagem_Icon_Background.svg,assets/images/resized/strategem/emplacement/e-gl-21-grenadier-battlement.svg
Strategem,Emplacement,HMG Emplacement,False,E/MG-101 HMG Emplacement,Bridge,False,https://helldivers.wiki.gg/images/HMG_Emplacement_Stratagem_Icon_Background.svg,assets/images/resized/strategem/emplacement/e-mg-101-hmg-emplacement.svg
Strategem,Emplacement,Shield Generator Relay,False,FX-12 Shield Generator Relay,Bridge,False,https://helldivers.wiki.gg/images/Shield_Generator_Relay_Stratagem_Icon_Background.svg,assets/images/resized/strategem/emplacement/fx-12-shield-generator-relay.svg
Strategem,Emplacement,Anti-Tank Mines,False,MD-17 Anti-Tank Mines,Engineering Bay,False,https://helldivers.wiki.gg/images/Anti-Tank_Mines_Stratagem_Icon_Background.svg,assets/images/resized/strategem/emplacement/md-17-anti-tank-mines.svg
Strategem,Emplacement,Anti-Personnel Minefield,False,MD-6 Anti-Personnel Minefield,Engineering Bay,False,https://helldivers.wiki.gg/images/Anti-Personnel_Minefield_Stratagem_Icon_Background.svg,assets/images/resized/strategem/emplacement/md-6-anti-personnel-minefield.svg
Strategem,Emplacement,Gas Mines,False,MD-8 Gas Mines,Engineering Bay,False,https://helldivers.wiki.gg/images/Gas_Mines_Stratagem_Icon_Background.svg,assets/images/resized/strategem/emplacement/md-8-gas-mines.svg
Strategem,Emplacement,Incendiary Mines,False,MD-I4 Incendiary Mines,Engineering Bay,False,https://helldivers.wiki.gg/images/Incendiary_Mines_Stratagem_Icon_Background.svg,assets/images/resized/strategem/emplacement/md-i4-incendiary-mines.svg
Strategem,Orbital,Orbital 120mm HE Barrage,False,Orbital 120mm HE Barrage,Orbital Cannons,False,https://helldivers.wiki.gg/images/Orbital_120mm_HE_Barrage_Stratagem_Icon_Background.svg,assets/images/resized/strategem/orbital/orbital-120mm-he-barrage.svg
Strategem,Orbital,Orbital 380mm HE Barrage,False,Orbital 380mm HE Barrage,Orbital Cannons,False,https://helldivers.wiki.gg/images/Orbital_380mm_HE_Barrage_Stratagem_Icon_Background.svg,assets/images/resized/strategem/orbital/orbital-380mm-he-barrage.svg
Strategem,Orbital,Orbital Airburst Strike,False,Orbital Airburst Strike,Orbital Cannons,False,https://helldivers.wiki.gg/images/Orbital_Airburst_Strike_Stratagem_Icon_Background.svg,assets/images/resized/strategem/orbital/orbital-airburst-strike.svg
Strategem,Orbital,Orbital EMS Strike,False,Orbital EMS Strike,Bridge,False,https://helldivers.wiki.gg/images/Orbital_EMS_Strike_Stratagem_Icon_Background.svg,assets/images/resized/strategem/orbital/orbital-ems-strike.svg
Strategem,Orbital,Orbital Gas Strike,False,Orbital Gas Strike,Bridge,False,https://helldivers.wiki.gg/images/Orbital_Gas_Strike_Stratagem_Icon_Background.svg,assets/images/resized/strategem/orbital/orbital-gas-strike.svg
Strategem,Orbital,Orbital Gatling Barrage,False,Orbital Gatling Barrage,Orbital Cannons,False,https://helldivers.wiki.gg/images/Orbital_Gatling_Barrage_Stratagem_Icon_Background.svg,assets/images/resized/strategem/orbital/orbital-gatling-barrage.svg
Strategem,Orbital,Orbital Laser,False,Orbital Laser,Orbital Cannons,False,https://helldivers.wiki.gg/images/Orbital_Laser_Stratagem_Icon_Background.svg,assets/images/resized/strategem/orbital/orbital-laser.svg
Strategem,Orbital,Orbital Napalm Barrage,False,Orbital Napalm Barrage,Orbital Cannons,False,https://helldivers.wiki.gg/images/Orbital_Napalm_Barrage_Stratagem_Icon_Background.svg,assets/images/resized/strategem/orbital/orbital-napalm-barrage.svg
Strategem,Orbital,Orbital Precision Strike,False,Orbital Precision Strike,Bridge,False,https://helldivers.wiki.gg/images/Orbital_Precision_Strike_Stratagem_Icon_Background.svg,assets/images/resized/strategem/orbital/orbital-precision-strike.svg
Strategem,Orbital,Orbital Railcannon Strike,False,Orbital Railcannon Strike,Orbital Cannons,False,https://helldivers.wiki.gg/images/Orbital_Railcannon_Strike_Stratagem_Icon_Background.svg,assets/images/resized/strategem/orbital/orbital-railcannon-strike.svg
Strategem,Orbital,Orbital Smoke Strike,False,Orbital Smoke Strike,Bridge,False,https://helldivers.wiki.gg/images/Orbital_Smoke_Strike_Stratagem_Icon_Background.svg,assets/images/resized/strategem/orbital/orbital-smoke-strike.svg
Strategem,Orbital,Orbital Walking Barrage,False,Orbital Walking Barrage,Orbital Cannons,False,https://helldivers.wiki.gg/images/Orbital_Walking_Barrage_Stratagem_Icon_Background.svg,assets/images/resized/strategem/orbital/orbital-walking-barrage.svg
Strategem,Sentry,Autocannon Sentry,False,A/AC-8 Autocannon Sentry,Robotics Workshop,False,https://helldivers.wiki.gg/images/Autocannon_Sentry_Stratagem_Icon_Background.svg,assets/images/resized/strategem/sentry/a-ac-8-autocannon-sentry.svg
Strategem,Sentry,Tesla Tower,False,A/ARC-3 Tesla Tower,Bridge,False,https://helldivers.wiki.gg/images/Tesla_Tower_Stratagem_Icon_Background.svg,assets/images/resized/strategem/sentry/a-arc-3-tesla-tower.svg
Strategem,Sentry,Flame Sentry,False,A/FLAM-40 Flame Sentry,Urban Legends,True,https://helldivers.wiki.gg/images/Flame_Sentry_Stratagem_Icon_Background.svg,assets/images/resized/strategem/sentry/a-flam-40-flame-sentry.svg
Strategem,Sentry,Gatling Sentry,False,A/G-16 Gatling Sentry,Robotics Workshop,False,https://helldivers.wiki.gg/images/Gatling_Sentry_Stratagem_Icon_Background.svg,assets/images/resized/strategem/sentry/a-g-16-gatling-sentry.svg
Strategem,Sentry,Gas Mortar Sentry,False,A/GM-17 Gas Mortar Sentry,Entrenched Division,True,https://helldivers.wiki.gg/images/Gas_Mortar_Sentry_Stratagem_Icon_Background.svg,assets/images/resized/strategem/sentry/a-gm-17-gas-mortar-sentry.svg
Strategem,Sentry,Laser Sentry,False,A/LAS-98 Laser Sentry,Control Group,True,https://helldivers.wiki.gg/images/Laser_Sentry_Stratagem_Icon_Background.svg,assets/images/resized/strategem/sentry/a-las-98-laser-sentry.svg
Strategem,Sentry,Mortar Sentry,False,A/M-12 Mortar Sentry,Robotics Workshop,False,https://helldivers.wiki.gg/images/Mortar_Sentry_Stratagem_Icon_Background.svg,assets/images/resized/strategem/sentry/a-m-12-mortar-sentry.svg
Strategem,Sentry,EMS Mortar Sentry,False,A/M-23 EMS Mortar Sentry,Robotics Workshop,False,https://helldivers.wiki.gg/images/EMS_Mortar_Sentry_Stratagem_Icon_Background.svg,assets/images/resized/strategem/sentry/a-m-23-ems-mortar-sentry.svg
Strategem,Sentry,Machine Gun Sentry,False,A/MG-43 Machine Gun Sentry,Robotics Workshop,False,https://helldivers.wiki.gg/images/Machine_Gun_Sentry_Stratagem_Icon_Background.svg,assets/images/resized/strategem/sentry/a-mg-43-machine-gun-sentry.svg
Strategem,Sentry,Rocket Sentry,False,A/MLS-4X Rocket Sentry,Robotics Workshop,False,https://helldivers.wiki.gg/images/Rocket_Sentry_Stratagem_Icon_Background.svg,assets/images/resized/strategem/sentry/a-mls-4x-rocket-sentry.svg
Strategem,Support Weapon,Meltagun,False,40-K Meltagun,Castellan’s Creed,False,https://helldivers.wiki.gg/images/Meltagun_Stratagem_Icon_Background.svg,assets/images/resized/strategem/support-weapon/40-k-meltagun.svg
Strategem,Support Weapon,Autocannon,True,AC-8 Autocannon,Patriotic Administration Center,False,https://helldivers.wiki.gg/images/Autocannon_Stratagem_Icon_Background.svg,assets/images/resized/strategem/support-weapon/ac-8-autocannon.svg
Strategem,Support Weapon,Anti-Materiel Rifle,False,APW-1 Anti-Materiel Rifle,Patriotic Administration Center,False,https://helldivers.wiki.gg/images/Anti-Materiel_Rifle_Stratagem_Icon_Background.svg,assets/images/resized/strategem/support-weapon/apw-1-anti-materiel-rifle.svg
Strategem,Support Weapon,Arc Thrower,False,ARC-3 Arc Thrower,Engineering Bay,False,https://helldivers.wiki.gg/images/Arc_Thrower_Stratagem_Icon_Background.svg,assets/images/resized/strategem/support-weapon/arc-3-arc-thrower.svg
Strategem,Support Weapon,Cremator,True,B/FLAM-80 Cremator,Entrenched Division,True,https://helldivers.wiki.gg/images/Cremator_Stratagem_Icon_Background.svg,assets/images/resized/strategem/support-weapon/b-flam-80-cremator.svg
Strategem,Support Weapon,B/MD C4 Pack,True,B/MD C4 Pack,Redacted Regiment,True,https://helldivers.wiki.gg/images/C4_Pack_Stratagem_Icon_Background.svg,assets/images/resized/strategem/support-weapon/b-md-c4-pack.svg
Strategem,Support Weapon,One True Flag,False,CQC-1 One True Flag,Masters of Ceremony,True,https://helldivers.wiki.gg/images/One_True_Flag_Stratagem_Icon_Background.svg,assets/images/resized/strategem/support-weapon/cqc-1-one-true-flag.svg
Strategem,Support Weapon,Breaching Hammer,False,CQC-20 Breaching Hammer,Siege Breakers,True,https://helldivers.wiki.gg/images/Breaching_Hammer_Stratagem_Icon_Background.svg,assets/images/resized/strategem/support-weapon/cqc-20-breaching-hammer.svg
Strategem,Support Weapon,Defoliation Tool,False,CQC-9 Defoliation Tool,Python Commandos,True,https://helldivers.wiki.gg/images/Defoliation_Tool_Stratagem_Icon_Background.svg,assets/images/resized/strategem/support-weapon/cqc-9-defoliation-tool.svg
Strategem,Support Weapon,Expendable,False,EAT-17 Expendable Anti-Tank,Patriotic Administration Center,False,https://helldivers.wiki.gg/images/Expendable_Anti-Tank_Stratagem_Icon_Background.svg,assets/images/resized/strategem/support-weapon/eat-17-expendable-anti-tank.svg
Strategem,Support Weapon,Expendable,False,EAT-411 Leveller,Siege Breakers,True,https://helldivers.wiki.gg/images/Leveller_Stratagem_Icon_Background.svg,assets/images/resized/strategem/support-weapon/eat-411-leveller.svg
Strategem,Support Weapon,Expendable,False,EAT-700 Expendable Napalm,Dust Devils,True,https://helldivers.wiki.gg/images/Expendable_Napalm_Stratagem_Icon_Background.svg,assets/images/resized/strategem/support-weapon/eat-700-expendable-napalm.svg
Strategem,Support Weapon,Spear,True,FAF-14 Spear,Patriotic Administration Center,False,https://helldivers.wiki.gg/images/Spear_Stratagem_Icon_Background.svg,assets/images/resized/strategem/support-weapon/faf-14-spear.svg
Strategem,Support Weapon,Flamethrower,False,FLAM-40 Flamethrower,Patriotic Administration Center,False,https://helldivers.wiki.gg/images/Flamethrower_Stratagem_Icon_Background.svg,assets/images/resized/strategem/support-weapon/flam-40-flamethrower.svg
Strategem,Support Weapon,Grenade Launcher,False,GL-21 Grenade Launcher,Engineering Bay,False,https://helldivers.wiki.gg/images/Grenade_Launcher_Stratagem_Icon_Background.svg,assets/images/resized/strategem/support-weapon/gl-21-grenade-launcher.svg
Strategem,Support Weapon,Belt-Fed Grenade Launcher,True,GL-28 Belt-Fed Grenade Launcher,Siege Breakers,True,https://helldivers.wiki.gg/images/Belt-Fed_Grenade_Launcher_Stratagem_Icon_Background.svg,assets/images/resized/strategem/support-weapon/gl-28-belt-fed-grenade-launcher.svg
Strategem,Support Weapon,De-Escalator,False,GL-52 De-Escalator,Force of Law,True,https://helldivers.wiki.gg/images/De-Escalator_Stratagem_Icon_Background.svg,assets/images/resized/strategem/support-weapon/gl-52-de-escalator.svg
Strategem,Support Weapon,Recoilless Rifle,True,GR-8 Recoilless Rifle,Patriotic Administration Center,False,https://helldivers.wiki.gg/images/Recoilless_Rifle_Stratagem_Icon_Background.svg,assets/images/resized/strategem/support-weapon/gr-8-recoilless-rifle.svg
Strategem,Support Weapon,Laser Cannon,False,LAS-98 Laser Cannon,Engineering Bay,False,https://helldivers.wiki.gg/images/Laser_Cannon_Stratagem_Icon_Background.svg,assets/images/resized/strategem/support-weapon/las-98-laser-cannon.svg
Strategem,Support Weapon,Quasar Cannon,False,LAS-99 Quasar Cannon,Engineering Bay,False,https://helldivers.wiki.gg/images/Quasar_Cannon_Stratagem_Icon_Background.svg,assets/images/resized/strategem/support-weapon/las-99-quasar-cannon.svg
Strategem,Support Weapon,Maxigun,True,M-1000 Maxigun,Python Commandos,True,https://helldivers.wiki.gg/images/Maxigun_Stratagem_Icon_Background.svg,assets/images/resized/strategem/support-weapon/m-1000-maxigun.svg
Strategem,Support Weapon,Stalwart,False,M-105 Stalwart,Patriotic Administration Center,False,https://helldivers.wiki.gg/images/Stalwart_Stratagem_Icon_Background.svg,assets/images/resized/strategem/support-weapon/m-105-stalwart.svg
Strategem,Support Weapon,Heavy Machine Gun,False,MG-206 Heavy Machine Gun,Patriotic Administration Center,False,https://helldivers.wiki.gg/images/Heavy_Machine_Gun_Stratagem_Icon_Background.svg,assets/images/resized/strategem/support-weapon/mg-206-heavy-machine-gun.svg
Strategem,Support Weapon,Machine Gun,False,MG-43 Machine Gun,Patriotic Administration Center,False,https://helldivers.wiki.gg/images/Machine_Gun_Stratagem_Icon_Background.svg,assets/images/resized/strategem/support-weapon/mg-43-machine-gun.svg
Strategem,Support Weapon,Expendable,False,MGX-42 Bullet Storm,Exo Experts,True,https://helldivers.wiki.gg/images/Bullet_Storm_Stratagem_Icon_Background.svg,assets/images/resized/strategem/support-weapon/mgx-42-bullet-storm.svg
Strategem,Support Weapon,Expendable,False,MLS-4X Commando,Patriotic Administration Center,False,https://helldivers.wiki.gg/images/Commando_Stratagem_Icon_Background.svg,assets/images/resized/strategem/support-weapon/mls-4x-commando.svg
Strategem,Support Weapon,Expendable,False,MS-11 Solo Silo,Dust Devils,True,https://helldivers.wiki.gg/images/Solo_Silo_Stratagem_Icon_Background.svg,assets/images/resized/strategem/support-weapon/ms-11-solo-silo.svg
Strategem,Support Weapon,Epoch,False,PLAS-45 Epoch,Control Group,True,https://helldivers.wiki.gg/images/Epoch_Stratagem_Icon_Background.svg,assets/images/resized/strategem/support-weapon/plas-45-epoch.svg
Strategem,Support Weapon,Airburst Rocket Launcher,True,RL-77 Airburst Rocket Launcher,Patriotic Administration Center,False,https://helldivers.wiki.gg/images/Airburst_Rocket_Launcher_Stratagem_Icon_Background.svg,assets/images/resized/strategem/support-weapon/rl-77-airburst-rocket-launcher.svg
Strategem,Support Weapon,Railgun,False,RS-422 Railgun,Patriotic Administration Center,False,https://helldivers.wiki.gg/images/Railgun_Stratagem_Icon_Background.svg,assets/images/resized/strategem/support-weapon/rs-422-railgun.svg
Strategem,Support Weapon,Speargun,False,S-11 Speargun,Dust Devils,True,https://helldivers.wiki.gg/images/Speargun_Stratagem_Icon_Background.svg,assets/images/resized/strategem/support-weapon/s-11-speargun.svg
Strategem,Support Weapon,W.A.S.P. Launcher,True,StA-X3 W.A.S.P. Launcher,Patriotic Administration Center,False,https://helldivers.wiki.gg/images/W.A.S.P._Launcher_Stratagem_Icon_Background.svg,assets/images/resized/strategem/support-weapon/sta-x3-w-a-s-p-launcher.svg
Strategem,Support Weapon,Sterilizer,False,TX-41 Sterilizer,Chemical Agents,True,https://helldivers.wiki.gg/images/Sterilizer_Stratagem_Icon_Background.svg,assets/images/resized/strategem/support-weapon/tx-41-sterilizer.svg
Strategem,Vehicle,Patriot Exosuit,False,EXO-45 Patriot Exosuit,Robotics Workshop,False,https://helldivers.wiki.gg/images/Patriot_Exosuit_Stratagem_Icon_Background.svg,assets/images/resized/strategem/vehicle/exo-45-patriot-exosuit.svg
Strategem,Vehicle,Emancipator Exosuit,False,EXO-49 Emancipator Exosuit,Robotics Workshop,False,https://helldivers.wiki.gg/images/Emancipator_Exosuit_Stratagem_Icon_Background.svg,assets/images/resized/strategem/vehicle/exo-49-emancipator-exosuit.svg
Strategem,Vehicle,Lumberer Exosuit,False,EXO-51 Lumberer Exosuit,Exo Experts,True,https://helldivers.wiki.gg/images/Lumberer_Exosuit_Stratagem_Icon_Background.svg,assets/images/resized/strategem/vehicle/exo-51-lumberer-exosuit.svg
Strategem,Vehicle,Breakthrough Exosuit,False,EXO-55 Breakthrough Exosuit,Exo Experts,True,https://helldivers.wiki.gg/images/Breakthrough_Exosuit_Stratagem_Icon_Background.svg,assets/images/resized/strategem/vehicle/exo-55-breakthrough-exosuit.svg
Strategem,Vehicle,Gunner FRV,False,M-102 Gunner FRV,Hangar,False,https://helldivers.wiki.gg/images/Fast_Recon_Vehicle_Stratagem_Icon_Background.svg,assets/images/resized/strategem/vehicle/m-102-gunner-frv.svg
Strategem,Vehicle,Incinerator FRV,False,M-104 Incinerator FRV,Hangar,False,https://helldivers.wiki.gg/images/Incinerator_FRV_Stratagem_Icon_Background.svg,assets/images/resized/strategem/vehicle/m-104-incinerator-frv.svg
Strategem,Vehicle,Supply FRV,False,Supply FRV,Hangar,False,https://helldivers.wiki.gg/images/Supply_FRV_Stratagem_Icon_Background.svg,assets/images/resized/strategem/vehicle/supply-frv.svg
Strategem,Vehicle,Bastion MK XVI,False,TD-220 Bastion MK XVI,Hangar,False,https://helldivers.wiki.gg/images/Bastion_MK_XVI_Stratagem_Icon_Background.svg,assets/images/resized/strategem/vehicle/td-220-bastion-mk-xvi.svg
Weapon,Grenade,Standard,False,G-10 Incendiary,Steeled Veterans,True,https://helldivers.wiki.gg/images/G-10_Incendiary_Throwable_Render.png,assets/images/resized/weapon/grenade/g-10-incendiary.png
Weapon,Grenade,Special,False,G-109 Urchin,Force of Law,True,https://helldivers.wiki.gg/images/G-109_Urchin_Throwable_Render.png,assets/images/resized/weapon/grenade/g-109-urchin.png
Weapon,Grenade,Standard,False,G-12 High Explosive,Starter Equipment,False,https://helldivers.wiki.gg/images/G-12_High_Explosive_Throwable_Render.png,assets/images/resized/weapon/grenade/g-12-high-explosive.png
Weapon,Grenade,Special,False,G-123 Thermite,Democratic Detonation,True,https://helldivers.wiki.gg/images/G-123_Thermite_Throwable_Render.png,assets/images/resized/weapon/grenade/g-123-thermite.png
Weapon,Grenade,Special,False,G-13 Incendiary Impact,Polar Patriots,True,https://helldivers.wiki.gg/images/G-13_Incendiary_Impact_Throwable_Render.png,assets/images/resized/weapon/grenade/g-13-incendiary-impact.png
Weapon,Grenade,Special,False,G-142 Pyrotech,Masters of Ceremony,True,https://helldivers.wiki.gg/images/G-142_Pyrotech_Throwable_Render.png,assets/images/resized/weapon/grenade/g-142-pyrotech.png
Weapon,Grenade,Special,False,G-16 Impact,Helldivers Mobilize!,True,https://helldivers.wiki.gg/images/G-16_Impact_Throwable_Render.png,assets/images/resized/weapon/grenade/g-16-impact.png
Weapon,Grenade,Special,False,G-23 Stun,Cutting Edge,True,https://helldivers.wiki.gg/images/G-23_Stun_Throwable_Render.png,assets/images/resized/weapon/grenade/g-23-stun.png
Weapon,Grenade,Special,False,G-3 Smoke,Helldivers Mobilize!,True,https://helldivers.wiki.gg/images/G-3_Smoke_Throwable_Render.png,assets/images/resized/weapon/grenade/g-3-smoke.png
Weapon,Grenade,Special,False,G-31 Arc,Control Group,True,https://helldivers.wiki.gg/images/G-31_ARC_Throwable_Render.png,assets/images/resized/weapon/grenade/g-31-arc.png
Weapon,Grenade,Special,False,G-4 Gas,Chemical Agents,True,https://helldivers.wiki.gg/images/G-4_Gas_Throwable_Render.png,assets/images/resized/weapon/grenade/g-4-gas.png
Weapon,Grenade,Special,False,G-48 Giga Grenade,Entrenched Division,True,https://helldivers.wiki.gg/images/G-48_Giga_Grenade_Throwable_Render.png,assets/images/resized/weapon/grenade/g-48-giga-grenade.png
Weapon,Grenade,Special,False,G-50 Seeker,Servants of Freedom,True,https://helldivers.wiki.gg/images/G-50_Seeker_Throwable_Render.png,assets/images/resized/weapon/grenade/g-50-seeker.png
Weapon,Grenade,Standard,False,G-6 Frag,Helldivers Mobilize!,True,https://helldivers.wiki.gg/images/G-6_Frag_Throwable_Render.png,assets/images/resized/weapon/grenade/g-6-frag.png
Weapon,Grenade,Standard,False,G-7 Pineapple,Dust Devils,True,https://helldivers.wiki.gg/images/G-7_Pineapple_Throwable_Render.png,assets/images/resized/weapon/grenade/g-7-pineapple.png
Weapon,Grenade,Special,False,G-89 Smokescreen,Superstore,False,https://helldivers.wiki.gg/images/G-89_Smokescreen_Throwable_Render.png,assets/images/resized/weapon/grenade/g-89-smokescreen.png
Weapon,Grenade,Special,False,G/40-K Melta Mine,Castellan’s Creed,False,https://helldivers.wiki.gg/images/G-40-K_Melta_Mine_Throwable_Render.png,assets/images/resized/weapon/grenade/g-40-k-melta-mine.png
Weapon,Grenade,Special,False,G/SH-39 Shield,Siege Breakers,True,https://helldivers.wiki.gg/images/G-SH-39_Shield_Throwable_Render.png,assets/images/resized/weapon/grenade/g-sh-39-shield.png
Weapon,Grenade,Special,False,K-2 Throwing Knife,Viper Commandos,True,https://helldivers.wiki.gg/images/K-2_Throwing_Knife_Throwable_Render.png,assets/images/resized/weapon/grenade/k-2-throwing-knife.png
Weapon,Grenade,Standard,False,TED-63 Dynamite,Borderline Justice,True,https://helldivers.wiki.gg/images/TED-63_Dynamite_Throwable_Render.png,assets/images/resized/weapon/grenade/ted-63-dynamite.png
Weapon,Grenade,Special,False,TM-1 Lure Mine,Redacted Regiment,True,https://helldivers.wiki.gg/images/TM-1_Lure_Mine_Throwable_Render.png,assets/images/resized/weapon/grenade/tm-1-lure-mine.png
Weapon,Primary,Assault Rifles,False,AR-2 Coyote,Dust Devils,True,https://helldivers.wiki.gg/images/AR-2_Coyote_Primary_Render.png,assets/images/resized/weapon/primary/ar-2-coyote.png
Weapon,Primary,Assault Rifles,False,AR-23 Liberator,Starter Equipment,False,https://helldivers.wiki.gg/images/AR-23_Liberator_Primary_Render.png,assets/images/resized/weapon/primary/ar-23-liberator.png
Weapon,Primary,Assault Rifles,False,AR-23A Liberator Carbine,Viper Commandos,True,https://helldivers.wiki.gg/images/AR-23A_Liberator_Carbine_Primary_Render.png,assets/images/resized/weapon/primary/ar-23a-liberator-carbine.png
Weapon,Primary,Assault Rifles,False,AR-23C Liberator Concussive,Steeled Veterans,True,https://helldivers.wiki.gg/images/AR-23C_Liberator_Concussive_Primary_Render.png,assets/images/resized/weapon/primary/ar-23c-liberator-concussive.png
Weapon,Primary,Assault Rifles,False,AR-23P Liberator Penetrator,Helldivers Mobilize!,True,https://helldivers.wiki.gg/images/AR-23P_Liberator_Penetrator_Primary_Render.png,assets/images/resized/weapon/primary/ar-23p-liberator-penetrator.png
Weapon,Primary,Assault Rifles,False,AR-32 Pacifier,Force of Law,True,https://helldivers.wiki.gg/images/AR-32_Pacifier_Primary_Render.png,assets/images/resized/weapon/primary/ar-32-pacifier.png
Weapon,Primary,Assault Rifles,False,AR-59 Suppressor,Redacted Regiment,True,https://helldivers.wiki.gg/images/AR-59_Suppressor_Primary_Render.png,assets/images/resized/weapon/primary/ar-59-suppressor.png
Weapon,Primary,Assault Rifles,False,AR-61 Tenderizer,Polar Patriots,True,https://helldivers.wiki.gg/images/AR-61_Tenderizer_Primary_Render.png,assets/images/resized/weapon/primary/ar-61-tenderizer.png
Weapon,Primary,Assault Rifles,False,AR/GL-21 One-Two,Python Commandos,True,https://helldivers.wiki.gg/images/AR-GL-21_One_Two_Primary_Render.png,assets/images/resized/weapon/primary/ar-gl-21-one-two.png
Weapon,Primary,Energy-Based,False,ARC-12 Blitzer,Cutting Edge,True,https://helldivers.wiki.gg/images/ARC-12_Blitzer_Primary_Render.png,assets/images/resized/weapon/primary/arc-12-blitzer.png
Weapon,Primary,Assault Rifles,False,BR-14 Adjudicator,Democratic Detonation,True,https://helldivers.wiki.gg/images/BR-14_Adjudicator_Primary_Render.png,assets/images/resized/weapon/primary/br-14-adjudicator.png
Weapon,Primary,Explosives,False,CB-9 Exploding Crossbow,Democratic Detonation,True,https://helldivers.wiki.gg/images/CB-9_Exploding_Crossbow_Primary_Render.png,assets/images/resized/weapon/primary/cb-9-exploding-crossbow.png
Weapon,Primary,Shotguns,False,DBS-2 Double Freedom,Superstore,False,https://helldivers.wiki.gg/images/DBS-2_Shotgun_Primary_Render.png,assets/images/resized/weapon/primary/dbs-2-double-freedom.png
Weapon,Primary,Special,False,FLAM-66 Torcher,Freedom's Flame,True,https://helldivers.wiki.gg/images/FLAM-66_Torcher_Primary_Render.png,assets/images/resized/weapon/primary/flam-66-torcher.png
Weapon,Primary,Special,False,JAR-5 Dominator,Steeled Veterans,True,https://helldivers.wiki.gg/images/JAR-5_Dominator_Primary_Render.png,assets/images/resized/weapon/primary/jar-5-dominator.png
Weapon,Primary,Energy-Based,False,LAS-13 Trident,Siege Breakers,True,https://helldivers.wiki.gg/images/LAS-13_Trident_Primary_Render.png,assets/images/resized/weapon/primary/las-13-trident.png
Weapon,Primary,Energy-Based,False,LAS-16 Sickle,Cutting Edge,True,https://helldivers.wiki.gg/images/LAS-16_Sickle_Primary_Render.png,assets/images/resized/weapon/primary/las-16-sickle.png
Weapon,Primary,Energy-Based,False,LAS-17 Double-Edge Sickle,Servants of Freedom,True,https://helldivers.wiki.gg/images/LAS-17_Double-Edge_Sickle_Primary_Render.png,assets/images/resized/weapon/primary/las-17-double-edge-sickle.png
Weapon,Primary,Energy-Based,False,LAS-5 Scythe,Helldivers Mobilize!,True,https://helldivers.wiki.gg/images/LAS-5_Scythe_Primary_Render.png,assets/images/resized/weapon/primary/las-5-scythe.png
Weapon,Primary,Submachine Guns,False,M7S SMG,Obedient Democracy Support Troopers,True,https://helldivers.wiki.gg/images/M7S_SMG_Primary_Render.png,assets/images/resized/weapon/primary/m7s-smg.png
Weapon,Primary,Shotguns,False,M90A Shotgun,Obedient Democracy Support Troopers,True,https://helldivers.wiki.gg/images/M90A_Shotgun_Primary_Render.png,assets/images/resized/weapon/primary/m90a-shotgun.png
Weapon,Primary,Assault Rifles,False,MA5C Assault Rifle,Obedient Democracy Support Troopers,True,https://helldivers.wiki.gg/images/MA5C_Assault_Rifle_Primary_Render.png,assets/images/resized/weapon/primary/ma5c-assault-rifle.png
Weapon,Primary,Submachine Guns,False,MP-98 Knight,Super Citizen Edition,False,https://helldivers.wiki.gg/images/MP-98_Knight_Primary_Render.png,assets/images/resized/weapon/primary/mp-98-knight.png
Weapon,Primary,Energy-Based,False,PLAS-1 Scorcher,Helldivers Mobilize!,True,https://helldivers.wiki.gg/images/PLAS-1_Scorcher_Primary_Render.png,assets/images/resized/weapon/primary/plas-1-scorcher.png
Weapon,Primary,Energy-Based,False,PLAS-101 Purifier,Polar Patriots,True,https://helldivers.wiki.gg/images/PLAS-101_Purifier_Primary_Render.png,assets/images/resized/weapon/primary/plas-101-purifier.png
Weapon,Primary,Energy-Based,False,PLAS-39 Accelerator Rifle,Righteous Revenants,True,https://helldivers.wiki.gg/images/PLAS-39_Accelerator_Rifle_Primary_Render.png,assets/images/resized/weapon/primary/plas-39-accelerator-rifle.png
Weapon,Primary,Marksman Rifles,False,R-2 Amendment,Masters of Ceremony,True,https://helldivers.wiki.gg/images/R-2_Amendment_Primary_Render.png,assets/images/resized/weapon/primary/r-2-amendment.png
Weapon,Primary,Marksman Rifles,False,R-2124 Constitution,Liberty Day,False,https://helldivers.wiki.gg/images/R-2124_Constitution_Primary_Render.png,assets/images/resized/weapon/primary/r-2124-constitution.png
Weapon,Primary,Explosives,False,R-36 Eruptor,Democratic Detonation,True,https://helldivers.wiki.gg/images/R-36_Eruptor_Primary_Render.png,assets/images/resized/weapon/primary/r-36-eruptor.png
Weapon,Primary,Marksman Rifles,False,R-4 Hyena,Celestial Fence,False,https://helldivers.wiki.gg/images/R-4_Hyena_Primary_Render.png,assets/images/resized/weapon/primary/r-4-hyena.png
Weapon,Primary,Marksman Rifles,False,R-6 Deadeye,Borderline Justice,True,https://helldivers.wiki.gg/images/R-6_Deadeye_Primary_Render.png,assets/images/resized/weapon/primary/r-6-deadeye.png
Weapon,Primary,Marksman Rifles,False,R-63 Diligence,Helldivers Mobilize!,True,https://helldivers.wiki.gg/images/R-63_Diligence_Primary_Render.png,assets/images/resized/weapon/primary/r-63-diligence.png
Weapon,Primary,Marksman Rifles,False,R-63CS Diligence Counter Sniper,Helldivers Mobilize!,True,https://helldivers.wiki.gg/images/R-63CS_Diligence_Counter_Sniper_Primary_Render.png,assets/images/resized/weapon/primary/r-63cs-diligence-counter-sniper.png
Weapon,Primary,Marksman Rifles,False,R-72 Censor,Redacted Regiment,True,https://helldivers.wiki.gg/images/R-72_Censor_Primary_Render.png,assets/images/resized/weapon/primary/r-72-censor.png
Weapon,Primary,Energy-Based,False,R/40-K Hot-Shot Marksman Rifle,Castellan’s Creed,False,https://helldivers.wiki.gg/images/R-40-K_Hot-Shot_Primary_Render.png,assets/images/resized/weapon/primary/r-40-k-hot-shot-marksman-rifle.png
Weapon,Primary,Shotguns,False,SG-20 Halt,Truth Enforcers,True,https://helldivers.wiki.gg/images/SG-20_Halt_Primary_Render.png,assets/images/resized/weapon/primary/sg-20-halt.png
Weapon,Primary,Shotguns,False,SG-225 Breaker,Helldivers Mobilize!,True,https://helldivers.wiki.gg/images/SG-225_Breaker_Primary_Render.png,assets/images/resized/weapon/primary/sg-225-breaker.png
Weapon,Primary,Shotguns,False,SG-225IE Breaker Incendiary,Steeled Veterans,True,https://helldivers.wiki.gg/images/SG-225IE_Breaker_Incendiary_Primary_Render.png,assets/images/resized/weapon/primary/sg-225ie-breaker-incendiary.png
Weapon,Primary,Shotguns,False,SG-225SP Breaker Spray&Pray,Helldivers Mobilize!,True,https://helldivers.wiki.gg/images/SG-225SP_Breaker_Spray%26Pray_Primary_Render.png,assets/images/resized/weapon/primary/sg-225sp-breaker-spray-pray.png
Weapon,Primary,Shotguns,False,SG-451 Cookout,Freedom's Flame,True,https://helldivers.wiki.gg/images/SG-451_Cookout_Primary_Render.png,assets/images/resized/weapon/primary/sg-451-cookout.png
Weapon,Primary,Shotguns,False,SG-8 Punisher,Helldivers Mobilize!,True,https://helldivers.wiki.gg/images/SG-8_Punisher_Primary_Render.png,assets/images/resized/weapon/primary/sg-8-punisher.png
Weapon,Primary,Energy-Based,False,SG-8P Punisher Plasma,Cutting Edge,True,https://helldivers.wiki.gg/images/SG-8P_Punisher_Plasma_Primary_Render.png,assets/images/resized/weapon/primary/sg-8p-punisher-plasma.png
Weapon,Primary,Shotguns,False,SG-8S Slugger,Helldivers Mobilize!,True,https://helldivers.wiki.gg/images/SG-8S_Slugger_Primary_Render.png,assets/images/resized/weapon/primary/sg-8s-slugger.png
Weapon,Primary,Shotguns,False,SG-97 Sweeper,Superstore,False,https://helldivers.wiki.gg/images/SG-97_Shotgun_Primary_Render.png,assets/images/resized/weapon/primary/sg-97-sweeper.png
Weapon,Primary,Submachine Guns,False,SMG-203 Gallant,Exo Experts,True,https://helldivers.wiki.gg/images/SMG-203_Gallant_Primary_Render.png,assets/images/resized/weapon/primary/smg-203-gallant.png
Weapon,Primary,Submachine Guns,False,SMG-32 Reprimand,Truth Enforcers,True,https://helldivers.wiki.gg/images/SMG-32_Reprimand_Primary_Render.png,assets/images/resized/weapon/primary/smg-32-reprimand.png
Weapon,Primary,Submachine Guns,False,SMG-37 Defender,Helldivers Mobilize!,True,https://helldivers.wiki.gg/images/SMG-37_Defender_Primary_Render.png,assets/images/resized/weapon/primary/smg-37-defender.png
Weapon,Primary,Submachine Guns,False,SMG-72 Pummeler,Polar Patriots,True,https://helldivers.wiki.gg/images/SMG-72_Pummeler_Primary_Render.png,assets/images/resized/weapon/primary/smg-72-pummeler.png
Weapon,Primary,Submachine Guns,False,SMG/FLAM-34 Stoker,Entrenched Division,True,https://helldivers.wiki.gg/images/SMGFLAM-34_Stoker_Primary_Icon.png,assets/images/resized/weapon/primary/smg-flam-34-stoker.png
Weapon,Primary,Submachine Guns,False,StA-11 SMG,Righteous Revenants,True,https://helldivers.wiki.gg/images/StA-11_SMG_Primary_Render.png,assets/images/resized/weapon/primary/sta-11-smg.png
Weapon,Primary,Assault Rifles,False,StA-52 Assault Rifle,Righteous Revenants,True,https://helldivers.wiki.gg/images/StA-52_Assault_Rifle_Primary_Render.png,assets/images/resized/weapon/primary/sta-52-assault-rifle.png
Weapon,Primary,Special,False,VG-70 Variable,Control Group,True,https://helldivers.wiki.gg/images/VG-70_Variable_Primary_Render.png,assets/images/resized/weapon/primary/vg-70-variable.png
Weapon,Secondary,Melee,False,CQC-19 Stun Lance,Urban Legends,True,https://helldivers.wiki.gg/images/CQC-19_Stun_Lance_Secondary_Render.png,assets/images/resized/weapon/secondary/cqc-19-stun-lance.png
Weapon,Secondary,Melee,False,CQC-2 Saber,Masters of Ceremony,True,https://helldivers.wiki.gg/images/CQC-2_Saber_Secondary_Render.png,assets/images/resized/weapon/secondary/cqc-2-saber.png
Weapon,Secondary,Melee,False,CQC-30 Stun Baton,Superstore,False,https://helldivers.wiki.gg/images/CQC-30_Stun_Baton_Secondary_Render.png,assets/images/resized/weapon/secondary/cqc-30-stun-baton.png
Weapon,Secondary,Melee,False,CQC-42 Machete,Superstore,False,https://helldivers.wiki.gg/images/CQC-42_Machete_Secondary_Render.png,assets/images/resized/weapon/secondary/cqc-42-machete.png
Weapon,Secondary,Melee,False,CQC-5 Combat Hatchet,Superstore,False,https://helldivers.wiki.gg/images/CQC-5_Combat_Hatchet_Secondary_Render.png,assets/images/resized/weapon/secondary/cqc-5-combat-hatchet.png
Weapon,Secondary,Melee,False,Entrenchment Tool,,False,https://helldivers.wiki.gg/images/CQC-73_Entrenchment_Tool_Secondary_Render.png,assets/images/resized/weapon/secondary/entrenchment-tool.png
Weapon,Secondary,Special,False,GP-20 Ultimatum,Servants of Freedom,True,https://helldivers.wiki.gg/images/GP-20_Ultimatum_Secondary_Render.png,assets/images/resized/weapon/secondary/gp-20-ultimatum.png
Weapon,Secondary,Special,False,GP-31 Grenade Pistol,Democratic Detonation,True,https://helldivers.wiki.gg/images/GP-31_Grenade_Pistol_Secondary_Render.png,assets/images/resized/weapon/secondary/gp-31-grenade-pistol.png
Weapon,Secondary,Special,False,LAS-58 Talon,Borderline Justice,True,https://helldivers.wiki.gg/images/LAS-58_Talon_Secondary_Render.png,assets/images/resized/weapon/secondary/las-58-talon.png
Weapon,Secondary,Special,False,LAS-7 Dagger,Cutting Edge,True,https://helldivers.wiki.gg/images/LAS-7_Dagger_Secondary_Render.png,assets/images/resized/weapon/secondary/las-7-dagger.png
Weapon,Secondary,Pistols,False,M6C/SOCOM Pistol,Obedient Democracy Support Troopers,True,https://helldivers.wiki.gg/images/M6C-SOCOM_Pistol_Secondary_Render.png,assets/images/resized/weapon/secondary/m6c-socom-pistol.png
Weapon,Secondary,Special,False,P-11 Stim Pistol,Chemical Agents,True,https://helldivers.wiki.gg/images/P-11_Stim_Pistol_Secondary_Render.png,assets/images/resized/weapon/secondary/p-11-stim-pistol.png
Weapon,Secondary,Pistols,False,P-113 Verdict,Polar Patriots,True,https://helldivers.wiki.gg/images/P-113_Verdict_Secondary_Render.png,assets/images/resized/weapon/secondary/p-113-verdict.png
Weapon,Secondary,Pistols,False,P-19 Redeemer,Helldivers Mobilize!,True,https://helldivers.wiki.gg/images/P-19_Redeemer_Secondary_Render.png,assets/images/resized/weapon/secondary/p-19-redeemer.png
Weapon,Secondary,Pistols,False,P-2 Peacemaker,Starter Equipment,False,https://helldivers.wiki.gg/images/P-2_Peacemaker_Secondary_Render.png,assets/images/resized/weapon/secondary/p-2-peacemaker.png
Weapon,Secondary,Special,False,P-33 Missile Pistol,Exo Experts,True,https://helldivers.wiki.gg/images/P-33_Missile_Pistol_Secondary_Render.png,assets/images/resized/weapon/secondary/p-33-missile-pistol.png
Weapon,Secondary,Special,False,P-35 Re-Educator,Redacted Regiment,True,https://helldivers.wiki.gg/images/P-35_Re-Educator_Secondary_Render.png,assets/images/resized/weapon/secondary/p-35-re-educator.png
Weapon,Secondary,Pistols,False,P-4 Senator,Steeled Veterans,True,https://helldivers.wiki.gg/images/P-4_Senator_Secondary_Render.png,assets/images/resized/weapon/secondary/p-4-senator.png
Weapon,Secondary,Pistols,False,P-69 Veto,Entrenched Division,True,https://helldivers.wiki.gg/images/P-69_Veto_Secondary_Icon.png,assets/images/resized/weapon/secondary/p-69-veto.png
Weapon,Secondary,Special,False,P-72 Crisper,Freedom's Flame,True,https://helldivers.wiki.gg/images/P-72_Crisper_Secondary_Render.png,assets/images/resized/weapon/secondary/p-72-crisper.png
Weapon,Secondary,Pistols,False,P-92 Warrant,Superstore,False,https://helldivers.wiki.gg/images/P-92_Warrant_Secondary_Render.png,assets/images/resized/weapon/secondary/p-92-warrant.png
Weapon,Secondary,Special,False,P/40-K Bolt Pistol,Castellan’s Creed,False,https://helldivers.wiki.gg/images/P-40-K_Bolt_Pistol_Secondary_Render.png,assets/images/resized/weapon/secondary/p-40-k-bolt-pistol.png
Weapon,Secondary,Special,False,PLAS-15 Loyalist,Truth Enforcers,True,https://helldivers.wiki.gg/images/PLAS-15_Loyalist_Secondary_Render.png,assets/images/resized/weapon/secondary/plas-15-loyalist.png
Weapon,Secondary,Special,False,SG-22 Bushwhacker,Viper Commandos,True,https://helldivers.wiki.gg/images/SG-22_Bushwhacker_Secondary_Render.png,assets/images/resized/weapon/secondary/sg-22-bushwhacker.png
